82117.jpg,122,590,1806,898,pantograph
72622.jpg,84,573,1859,849,pantograph
82098.jpg,117,551,1781,861,pantograph
60035.jpg,114,582,1754,873,pantograph
82231.jpg,128,667,1769,890,pantograph
70330.jpg,113,596,1783,884,pantograph
82284.jpg,125,591,1765,889,pantograph
82508.jpg,109,586,1787,867,pantograph
70329.jpg,115,585,1793,872,pantograph
70294.jpg,116,602,1765,847,pantograph
60181.jpg,88,580,1816,851,pantograph
70372.jpg,98,570,1780,830,pantograph
82096.jpg,94,606,1806,862,pantograph
70331.jpg,120,606,1803,848,pantograph
50265.jpg,83,601,1825,869,pantograph
70364.jpg,106,565,1826,863,pantograph
82411.jpg,92,611,1806,906,pantograph
82511.jpg,117,585,1798,847,pantograph
82356.jpg,112,611,1827,877,pantograph
50089.jpg,130,646,1798,879,pantograph
60177.jpg,79,599,1805,836,pantograph
50181.jpg,83,598,1807,869,pantograph
82272.jpg,118,612,1784,866,pantograph
60117.jpg,106,605,1834,866,pantograph
82452.jpg,118,604,1779,866,pantograph
82097.jpg,114,578,1757,856,pantograph
60054.jpg,122,600,1786,867,pantograph
82280.jpg,115,612,1790,862,pantograph
70376.jpg,117,547,1769,836,pantograph
82275.jpg,94,549,1798,858,pantograph
82467.jpg,112,618,1790,869,pantograph
82223.jpg,130,604,1749,866,pantograph
70385.jpg,88,598,1827,843,pantograph
82409.jpg,98,604,1768,899,pantograph
82171.jpg,101,595,1787,869,pantograph
82138.jpg,73,582,1842,886,pantograph
82314.jpg,127,551,1780,882,pantograph
82287.jpg,107,602,1780,891,pantograph
82293.jpg,82,606,1827,844,pantograph
82196.jpg,100,591,1852,882,pantograph
60129.jpg,127,585,1752,820,pantograph
50250.jpg,114,581,1770,863,pantograph
82308.jpg,124,616,1803,883,pantograph
60133.jpg,100,569,1833,832,pantograph
60132.jpg,121,560,1777,822,pantograph
82410.jpg,129,596,1792,900,pantograph
82398.jpg,73,581,1805,870,pantograph
60023.jpg,104,608,1790,851,pantograph
82221.jpg,28,556,1812,880,pantograph
82355.jpg,98,589,1837,866,pantograph
70268.jpg,103,624,1779,862,pantograph
82168.jpg,124,576,1759,907,pantograph
82312.jpg,129,591,1823,896,pantograph
82388.jpg,114,578,1773,904,pantograph
70237.jpg,124,600,1760,862,pantograph
82160.jpg,117,604,1790,891,pantograph
50262.jpg,105,600,1766,874,pantograph
50186.jpg,130,575,1772,870,pantograph
82145.jpg,124,600,1780,895,pantograph
60166.jpg,102,603,1790,843,pantograph
50040.jpg,135,615,1754,873,pantograph
50229.jpg,126,617,1790,887,pantograph
50039.jpg,105,632,1807,867,pantograph
50073.jpg,95,636,1825,896,pantograph
70257.jpg,120,601,1772,860,pantograph
60021.jpg,86,597,1768,836,pantograph
70387.jpg,119,572,1779,873,pantograph
82431.jpg,84,606,1807,881,pantograph
89973.jpg,110,597,1766,855,pantograph
50227.jpg,127,619,1787,871,pantograph
60227.jpg,116,592,1810,855,pantograph
50099.jpg,125,613,1905,884,pantograph
60231.jpg,72,538,1835,891,pantograph
82353.jpg,123,618,1796,881,pantograph
82099.jpg,96,592,1787,838,pantograph
82174.jpg,87,640,1831,858,pantograph
50137.jpg,95,619,1810,878,pantograph
50082.jpg,135,586,1769,872,pantograph
60033.jpg,102,603,1776,866,pantograph
82478.jpg,112,574,1775,899,pantograph
82277.jpg,110,621,1805,863,pantograph
60230.jpg,126,566,1798,859,pantograph
50133.jpg,123,610,1773,866,pantograph
82414.jpg,107,628,1803,880,pantograph
50122.jpg,125,621,1757,869,pantograph
70370.jpg,122,596,1795,847,pantograph
82376.jpg,106,601,1788,865,pantograph
82257.jpg,109,596,1791,874,pantograph
82167.jpg,122,593,1800,932,pantograph
72618.jpg,120,575,1767,841,pantograph
89984.jpg,112,629,1815,848,pantograph
70290.jpg,128,589,1761,823,pantograph
60182.jpg,127,578,1784,865,pantograph
60069.jpg,110,608,1807,863,pantograph
82453.jpg,100,585,1838,876,pantograph
50168.jpg,84,632,1790,863,pantograph
82426.jpg,69,631,1769,859,pantograph
50009.jpg,75,648,1835,856,pantograph
82464.jpg,95,623,1772,848,pantograph
70374.jpg,110,573,1792,817,pantograph
70360.jpg,106,588,1787,837,pantograph
60246.jpg,110,581,1768,844,pantograph
50103.jpg,123,610,1786,874,pantograph
70267.jpg,121,617,1777,851,pantograph
82205.jpg,100,607,1786,854,pantograph
82259.jpg,103,588,1844,873,pantograph
70210.jpg,132,632,1787,856,pantograph
50042.jpg,44,618,1846,862,pantograph
50117.jpg,99,622,1764,869,pantograph
70362.jpg,119,585,1806,855,pantograph
82216.jpg,86,653,1883,892,pantograph
82135.jpg,116,563,1806,886,pantograph
70288.jpg,83,585,1790,821,pantograph
82181.jpg,99,595,1808,889,pantograph
70315.jpg,115,595,1791,841,pantograph
82366.jpg,128,582,1757,860,pantograph
82488.jpg,106,595,1768,870,pantograph
89979.jpg,88,611,1812,876,pantograph
70222.jpg,249,617,1772,812,pantograph
70233.jpg,129,614,1779,859,pantograph
70312.jpg,104,604,1781,845,pantograph
82377.jpg,118,585,1765,896,pantograph
82442.jpg,113,612,1764,882,pantograph
82374.jpg,100,605,1796,855,pantograph
60116.jpg,97,573,1777,871,pantograph
82457.jpg,126,596,1813,863,pantograph
60050.jpg,75,595,1796,847,pantograph
60214.jpg,99,581,1787,840,pantograph
82206.jpg,118,590,1782,871,pantograph
50260.jpg,132,619,1766,909,pantograph
60022.jpg,122,578,1792,856,pantograph
70353.jpg,117,585,1810,826,pantograph
82254.jpg,123,547,1810,860,pantograph
60020.jpg,129,599,1791,836,pantograph
82447.jpg,124,585,1786,877,pantograph
50211.jpg,118,633,1770,862,pantograph
82338.jpg,87,628,1807,906,pantograph
82189.jpg,112,598,1765,885,pantograph
82091.jpg,113,598,1769,873,pantograph
50210.jpg,116,625,1783,863,pantograph
70239.jpg,114,565,1751,881,pantograph
60018.jpg,124,616,1769,831,pantograph
82397.jpg,102,586,1813,856,pantograph
70397.jpg,90,600,1821,852,pantograph
50135.jpg,101,580,1757,893,pantograph
70245.jpg,124,606,1790,859,pantograph
50057.jpg,55,619,1879,885,pantograph
60113.jpg,119,604,1803,869,pantograph
70347.jpg,109,588,1798,849,pantograph
82363.jpg,105,591,1797,888,pantograph
82523.jpg,113,614,1818,875,pantograph
50196.jpg,132,634,1791,886,pantograph
50090.jpg,49,601,1820,877,pantograph
50179.jpg,110,570,1798,865,pantograph
50165.jpg,128,614,1758,869,pantograph
70274.jpg,54,600,1792,863,pantograph
82245.jpg,62,652,1798,882,pantograph
82415.jpg,88,592,1827,882,pantograph
89989.jpg,94,637,1786,885,pantograph
50129.jpg,54,618,1821,895,pantograph
82526.jpg,102,580,1849,897,pantograph
82130.jpg,90,619,1809,867,pantograph
70357.jpg,87,604,1785,830,pantograph
50148.jpg,124,614,1780,889,pantograph
60008.jpg,117,600,1795,885,pantograph
82128.jpg,110,632,1798,856,pantograph
70366.jpg,81,593,1863,866,pantograph
50177.jpg,117,637,1805,873,pantograph
82102.jpg,115,562,1789,840,pantograph
70391.jpg,121,558,1781,870,pantograph
50066.jpg,54,621,1836,888,pantograph
70365.jpg,98,579,1812,881,pantograph
50004.jpg,130,650,1786,851,pantograph
50102.jpg,98,621,1867,863,pantograph
82105.jpg,120,596,1779,860,pantograph
50070.jpg,92,629,1795,895,pantograph
60088.jpg,112,570,1751,875,pantograph
82235.jpg,114,640,1793,901,pantograph
50002.jpg,128,648,1801,880,pantograph
89986.jpg,114,640,1781,885,pantograph
70218.jpg,114,567,1496,882,pantograph
70321.jpg,116,599,1779,871,pantograph
82149.jpg,109,573,1764,870,pantograph
82461.jpg,127,571,1767,881,pantograph
82188.jpg,85,615,1852,888,pantograph
82285.jpg,120,590,1772,882,pantograph
70260.jpg,109,592,1777,873,pantograph
70367.jpg,118,558,1792,882,pantograph
82394.jpg,103,604,1823,874,pantograph
82136.jpg,114,582,1785,895,pantograph
60248.jpg,120,579,1777,847,pantograph
82504.jpg,121,625,1761,884,pantograph
82088.jpg,106,570,1767,872,pantograph
82247.jpg,125,617,1792,870,pantograph
82333.jpg,124,600,1795,907,pantograph
50242.jpg,99,606,1810,875,pantograph
82334.jpg,127,596,1761,891,pantograph
70248.jpg,123,622,1783,817,pantograph
72599.jpg,83,615,1775,863,pantograph
89991.jpg,116,613,1796,872,pantograph
50026.jpg,105,596,1787,871,pantograph
50149.jpg,100,605,1841,880,pantograph
60037.jpg,118,608,1792,860,pantograph
60102.jpg,120,595,1828,851,pantograph
50209.jpg,127,606,1809,863,pantograph
60225.jpg,122,592,1833,846,pantograph
82336.jpg,112,606,1806,899,pantograph
82438.jpg,117,585,1787,885,pantograph
50136.jpg,87,626,1810,860,pantograph
82322.jpg,118,615,1790,869,pantograph
50071.jpg,62,628,1818,900,pantograph
50003.jpg,129,626,1746,870,pantograph
82215.jpg,123,615,1782,904,pantograph
50170.jpg,105,611,1787,859,pantograph
82321.jpg,119,580,1801,916,pantograph
60056.jpg,115,571,1766,858,pantograph
82153.jpg,109,633,1782,885,pantograph
82361.jpg,77,588,1846,875,pantograph
82294.jpg,84,599,1788,853,pantograph
82170.jpg,127,598,1776,838,pantograph
70242.jpg,112,590,1777,889,pantograph
82492.jpg,69,607,1810,850,pantograph
82444.jpg,101,584,1809,869,pantograph
82330.jpg,109,620,1761,879,pantograph
82324.jpg,110,582,1776,862,pantograph
82425.jpg,114,586,1773,851,pantograph
82252.jpg,120,601,1901,887,pantograph
60067.jpg,129,591,1760,836,pantograph
82349.jpg,106,610,1832,871,pantograph
50197.jpg,127,603,1807,874,pantograph
70388.jpg,123,585,1832,872,pantograph
82328.jpg,123,617,1805,882,pantograph
50151.jpg,121,601,1833,901,pantograph
70264.jpg,123,587,1773,856,pantograph
70298.jpg,120,582,1779,844,pantograph
50021.jpg,83,597,1820,870,pantograph
70356.jpg,114,575,1797,851,pantograph
50194.jpg,83,588,1770,888,pantograph
82315.jpg,113,601,1801,873,pantograph
82094.jpg,120,579,1794,866,pantograph
82114.jpg,125,580,1795,879,pantograph
60017.jpg,118,591,1787,862,pantograph
70314.jpg,94,625,1791,845,pantograph
70363.jpg,106,586,1786,860,pantograph
50212.jpg,132,622,1765,860,pantograph
60167.jpg,106,569,1827,849,pantograph
72611.jpg,98,597,1798,883,pantograph
60150.jpg,112,596,1781,862,pantograph
82158.jpg,95,610,1826,897,pantograph
70299.jpg,114,580,1786,849,pantograph
82440.jpg,131,570,1781,869,pantograph
60115.jpg,131,541,1772,895,pantograph
82147.jpg,118,617,1801,895,pantograph
89975.jpg,102,608,1759,857,pantograph
82164.jpg,124,625,1779,881,pantograph
82441.jpg,123,583,1805,881,pantograph
70261.jpg,124,615,1765,867,pantograph
70324.jpg,107,588,1769,852,pantograph
82214.jpg,61,604,1802,896,pantograph
82326.jpg,99,644,1817,900,pantograph
50145.jpg,126,618,1765,880,pantograph
50241.jpg,126,601,1836,877,pantograph
82233.jpg,105,620,1787,910,pantograph
82190.jpg,89,580,1830,893,pantograph
50180.jpg,127,591,1801,875,pantograph
82507.jpg,120,626,1838,870,pantograph
82209.jpg,115,601,1786,878,pantograph
82274.jpg,128,539,1762,847,pantograph
70305.jpg,123,601,1795,848,pantograph
82534.jpg,92,596,1792,882,pantograph
70343.jpg,107,573,1819,884,pantograph
50049.jpg,116,560,1809,873,pantograph
70333.jpg,107,597,1779,858,pantograph
82484.jpg,103,614,1784,862,pantograph
82237.jpg,113,622,1810,889,pantograph
82331.jpg,91,602,1856,907,pantograph
50152.jpg,128,563,1766,892,pantograph
82406.jpg,109,615,1802,881,pantograph
50185.jpg,124,609,1778,878,pantograph
82520.jpg,117,593,1765,866,pantograph
60216.jpg,92,592,1786,841,pantograph
82289.jpg,121,619,1771,864,pantograph
82095.jpg,107,597,1794,858,pantograph
82530.jpg,71,633,1820,876,pantograph
82212.jpg,109,614,1836,915,pantograph
60164.jpg,107,596,1825,862,pantograph
60053.jpg,80,591,1796,855,pantograph
70323.jpg,87,607,1773,869,pantograph
82316.jpg,84,586,1805,901,pantograph
70209.jpg,129,641,1795,862,pantograph
50231.jpg,123,627,1770,899,pantograph
70345.jpg,118,561,1783,858,pantograph
89982.jpg,128,646,1765,854,pantograph
50131.jpg,119,615,1779,868,pantograph
70383.jpg,75,591,1776,848,pantograph
82327.jpg,109,626,1812,877,pantograph
60199.jpg,47,585,1798,836,pantograph
82143.jpg,96,606,1794,859,pantograph
60005.jpg,113,592,1773,844,pantograph
82485.jpg,133,611,1796,860,pantograph
70283.jpg,124,580,1769,856,pantograph
60085.jpg,124,587,1787,871,pantograph
50019.jpg,61,619,1832,871,pantograph
50248.jpg,129,603,1770,866,pantograph
70270.jpg,117,616,1483,843,pantograph
70266.jpg,87,620,1773,855,pantograph
50162.jpg,76,614,1850,899,pantograph
89978.jpg,128,638,1762,860,pantograph
82193.jpg,131,567,1766,856,pantograph
70325.jpg,101,591,1761,851,pantograph
50024.jpg,122,617,1790,874,pantograph
50147.jpg,110,612,1812,878,pantograph
70377.jpg,103,573,1796,848,pantograph
82383.jpg,106,597,1798,896,pantograph
60114.jpg,109,586,1784,874,pantograph
70282.jpg,84,601,1798,850,pantograph
70229.jpg,110,591,1779,855,pantograph
60103.jpg,118,577,1783,862,pantograph
60099.jpg,98,589,1772,871,pantograph
70269.jpg,131,599,1702,830,pantograph
82161.jpg,114,598,1809,901,pantograph
70227.jpg,126,624,1764,837,pantograph
82428.jpg,128,588,1776,870,pantograph
82370.jpg,75,601,1835,858,pantograph
70301.jpg,94,577,1827,862,pantograph
89972.jpg,99,619,1789,895,pantograph
82307.jpg,78,557,1878,937,pantograph
82217.jpg,77,629,1814,908,pantograph
82246.jpg,119,610,1784,879,pantograph
82341.jpg,99,634,1798,895,pantograph
82311.jpg,106,566,1801,899,pantograph
82404.jpg,86,615,1806,871,pantograph
50163.jpg,114,548,1768,884,pantograph
50106.jpg,109,623,1802,867,pantograph
82230.jpg,108,618,1790,889,pantograph
82127.jpg,116,599,1779,856,pantograph
82232.jpg,105,647,1807,896,pantograph
82200.jpg,110,623,1765,855,pantograph
82318.jpg,96,614,1818,860,pantograph
89993.jpg,93,647,1798,886,pantograph
50055.jpg,113,622,1806,878,pantograph
82264.jpg,122,592,1818,869,pantograph
70259.jpg,106,579,1788,874,pantograph
50146.jpg,123,627,1781,882,pantograph
70300.jpg,123,547,1779,865,pantograph
70231.jpg,124,614,1768,851,pantograph
82142.jpg,101,595,1762,871,pantograph
60146.jpg,122,600,1772,844,pantograph
82219.jpg,79,611,1838,915,pantograph
70384.jpg,88,593,1851,843,pantograph
82241.jpg,113,621,1813,897,pantograph
82195.jpg,123,622,1760,877,pantograph
60068.jpg,77,586,1803,849,pantograph
82379.jpg,75,593,1812,889,pantograph
82290.jpg,86,594,1816,880,pantograph
50087.jpg,129,606,1783,873,pantograph
82107.jpg,105,612,1781,865,pantograph
82535.jpg,66,604,1813,881,pantograph
50247.jpg,86,597,1794,875,pantograph
60228.jpg,124,581,1792,859,pantograph
50266.jpg,132,627,1776,862,pantograph
50084.jpg,89,610,1795,866,pantograph
70320.jpg,96,578,1758,863,pantograph
82420.jpg,99,610,1779,870,pantograph
70256.jpg,129,605,1806,874,pantograph
82306.jpg,113,590,1780,867,pantograph
50216.jpg,129,585,1779,885,pantograph
70304.jpg,115,619,1787,845,pantograph
60100.jpg,136,611,1743,848,pantograph
82340.jpg,90,631,1809,878,pantograph
82103.jpg,101,569,1790,865,pantograph
82263.jpg,91,552,1770,866,pantograph
82412.jpg,94,608,1799,884,pantograph
60007.jpg,125,595,1766,870,pantograph
82451.jpg,123,599,1802,864,pantograph
82390.jpg,122,622,1800,874,pantograph
60004.jpg,79,591,1839,852,pantograph
50068.jpg,130,604,1817,892,pantograph
82350.jpg,112,586,1796,886,pantograph
82292.jpg,90,598,1815,894,pantograph
82248.jpg,126,577,1756,901,pantograph
50202.jpg,114,638,1795,866,pantograph
72600.jpg,110,611,1765,859,pantograph
82466.jpg,95,640,1794,880,pantograph
82339.jpg,122,618,1781,882,pantograph
70262.jpg,105,614,1792,865,pantograph
70225.jpg,124,613,1783,851,pantograph
70230.jpg,107,609,1855,874,pantograph
82329.jpg,106,630,1791,871,pantograph
82527.jpg,92,572,1782,911,pantograph
72612.jpg,128,627,1761,843,pantograph
82152.jpg,69,655,1813,896,pantograph
70238.jpg,106,610,1792,863,pantograph
82499.jpg,91,612,1834,896,pantograph
50215.jpg,66,626,1783,855,pantograph
82166.jpg,115,574,1811,890,pantograph
50105.jpg,112,630,1807,876,pantograph
82296.jpg,117,607,1813,850,pantograph
82227.jpg,104,668,1801,879,pantograph
82108.jpg,90,607,1810,855,pantograph
82305.jpg,123,586,1779,869,pantograph
82367.jpg,120,577,1797,860,pantograph
70236.jpg,112,604,1784,870,pantograph
82148.jpg,104,620,1812,861,pantograph
82472.jpg,83,595,1783,895,pantograph
82092.jpg,72,614,1809,871,pantograph
82359.jpg,124,573,1876,864,pantograph
82474.jpg,122,602,1770,909,pantograph
82401.jpg,84,612,1770,873,pantograph
82163.jpg,82,632,1771,922,pantograph
82358.jpg,117,597,1794,863,pantograph
50184.jpg,117,601,1803,884,pantograph
82325.jpg,109,625,1781,865,pantograph
60241.jpg,128,609,1784,810,pantograph
60211.jpg,100,606,1801,839,pantograph
82381.jpg,124,623,1794,870,pantograph
82299.jpg,118,557,1809,854,pantograph
50183.jpg,76,592,1781,877,pantograph
82502.jpg,70,593,1842,904,pantograph
82469.jpg,128,625,1788,912,pantograph
50161.jpg,131,583,1764,875,pantograph
72619.jpg,98,589,1831,854,pantograph
72603.jpg,121,587,1766,869,pantograph
82110.jpg,98,570,1784,874,pantograph
82368.jpg,111,541,1795,890,pantograph
60183.jpg,112,554,1812,860,pantograph
70221.jpg,185,578,1736,767,pantograph
70289.jpg,125,563,1762,817,pantograph
82228.jpg,92,660,1820,877,pantograph
82129.jpg,113,616,1773,870,pantograph
70344.jpg,119,566,1764,869,pantograph
60212.jpg,106,574,1794,840,pantograph
50182.jpg,109,625,1781,870,pantograph
70308.jpg,115,612,1781,849,pantograph
82417.jpg,127,600,1764,885,pantograph
70306.jpg,127,577,1773,841,pantograph
70235.jpg,116,610,1795,852,pantograph
89990.jpg,113,614,1773,869,pantograph
60055.jpg,109,597,1821,863,pantograph
82286.jpg,113,585,1807,891,pantograph
82261.jpg,117,577,1771,880,pantograph
50264.jpg,117,621,1775,867,pantograph
82124.jpg,129,640,1799,845,pantograph
50065.jpg,129,638,1794,892,pantograph
70212.jpg,90,617,1806,858,pantograph
82222.jpg,121,609,1757,874,pantograph
70285.jpg,98,601,1788,843,pantograph
60040.jpg,124,569,1783,851,pantograph
82364.jpg,88,563,1768,855,pantograph
60184.jpg,114,574,1795,837,pantograph
50007.jpg,111,651,1780,854,pantograph
70265.jpg,116,592,1765,866,pantograph
82281.jpg,112,597,1820,889,pantograph
82202.jpg,90,600,1801,869,pantograph
50114.jpg,127,608,1810,884,pantograph
70310.jpg,111,593,1773,832,pantograph
82468.jpg,80,628,1832,903,pantograph
82297.jpg,120,619,1770,840,pantograph
50199.jpg,127,622,1795,869,pantograph
50246.jpg,54,575,1814,874,pantograph
50006.jpg,135,644,1768,851,pantograph
82380.jpg,123,570,1758,877,pantograph
70399.jpg,132,540,1744,840,pantograph
70394.jpg,123,566,1793,853,pantograph
70232.jpg,119,629,1771,849,pantograph
82081.jpg,118,619,1786,886,pantograph
82519.jpg,99,597,1805,850,pantograph
50058.jpg,116,647,1788,874,pantograph
82104.jpg,100,581,1783,844,pantograph
82121.jpg,114,615,1787,869,pantograph
70251.jpg,126,601,1764,825,pantograph
70380.jpg,105,600,1787,823,pantograph
70398.jpg,127,593,1773,825,pantograph
50074.jpg,117,619,1801,892,pantograph
82303.jpg,92,618,1803,855,pantograph
60145.jpg,83,586,1764,843,pantograph
50212.jpg,130,620,1763,858,pantograph
70303.jpg,111,601,1765,848,pantograph
82522.jpg,85,582,1810,863,pantograph
82510.jpg,109,624,1755,882,pantograph
50088.jpg,107,590,1870,880,pantograph
82465.jpg,81,608,1790,871,pantograph
82140.jpg,95,595,1812,896,pantograph
50195.jpg,69,615,1835,884,pantograph
82093.jpg,115,610,1775,870,pantograph
82491.jpg,123,611,1769,869,pantograph
50086.jpg,132,623,1775,864,pantograph
82120.jpg,99,622,1794,877,pantograph
82494.jpg,78,594,1805,860,pantograph
82131.jpg,130,591,1780,872,pantograph
82392.jpg,109,591,1806,893,pantograph
82400.jpg,113,614,1773,863,pantograph
89983.jpg,120,627,1803,893,pantograph
70247.jpg,131,607,1762,836,pantograph
82100.jpg,112,592,1791,884,pantograph
82207.jpg,114,563,1786,886,pantograph
70295.jpg,115,592,1802,853,pantograph
50037.jpg,96,625,1786,870,pantograph
50072.jpg,39,578,1814,912,pantograph
82300.jpg,122,588,1807,870,pantograph
50259.jpg,72,599,1796,867,pantograph
50041.jpg,84,610,1794,873,pantograph
50097.jpg,120,625,1805,884,pantograph
82283.jpg,128,595,1816,856,pantograph
70302.jpg,110,583,1768,859,pantograph
50225.jpg,114,615,1836,874,pantograph
82084.jpg,76,603,1818,874,pantograph
82175.jpg,77,626,1796,862,pantograph
82113.jpg,115,576,1826,875,pantograph
82498.jpg,119,618,1770,892,pantograph
50233.jpg,129,610,1775,875,pantograph
60130.jpg,121,569,1799,830,pantograph
82372.jpg,126,580,1779,859,pantograph
50230.jpg,115,614,1794,892,pantograph
72614.jpg,110,593,1766,862,pantograph
70348.jpg,121,577,1788,844,pantograph
82250.jpg,116,612,1802,873,pantograph
82371.jpg,101,597,1781,848,pantograph
82419.jpg,123,622,1806,882,pantograph
70278.jpg,73,592,1799,880,pantograph
82486.jpg,127,553,1768,833,pantograph
50085.jpg,88,600,1809,870,pantograph
82199.jpg,112,605,1766,838,pantograph
50036.jpg,121,609,1781,882,pantograph
60243.jpg,116,591,1784,865,pantograph
50023.jpg,123,629,1830,864,pantograph
60149.jpg,101,611,1799,843,pantograph
60086.jpg,112,579,1776,880,pantograph
70334.jpg,107,604,1598,863,pantograph
82159.jpg,126,625,1781,891,pantograph
70375.jpg,95,589,1803,829,pantograph
60083.jpg,118,592,1775,869,pantograph
89981.jpg,105,636,1773,885,pantograph
70340.jpg,55,585,1791,873,pantograph
60071.jpg,121,592,1817,844,pantograph
82348.jpg,120,623,1799,915,pantograph
82119.jpg,93,590,1791,881,pantograph
82516.jpg,110,609,1773,864,pantograph
70359.jpg,116,592,1785,844,pantograph
82213.jpg,74,613,1826,916,pantograph
60215.jpg,108,570,1807,830,pantograph
50104.jpg,105,612,1784,867,pantograph
70371.jpg,123,578,1769,841,pantograph
82489.jpg,97,601,1805,871,pantograph
50115.jpg,122,623,1840,877,pantograph
82186.jpg,116,595,1783,888,pantograph
70326.jpg,107,596,1794,839,pantograph
50154.jpg,96,567,1806,885,pantograph
82459.jpg,117,584,1786,859,pantograph
82373.jpg,124,605,1783,832,pantograph
50020.jpg,116,625,1809,869,pantograph
70293.jpg,120,549,1819,849,pantograph
82106.jpg,91,606,1761,860,pantograph
82500.jpg,120,610,1754,896,pantograph
70368.jpg,106,535,1775,863,pantograph
70313.jpg,101,622,1766,836,pantograph
70318.jpg,120,608,1795,856,pantograph
72602.jpg,130,607,1797,853,pantograph
82351.jpg,92,636,1776,869,pantograph
82346.jpg,118,622,1790,906,pantograph
70276.jpg,90,591,1780,873,pantograph
70378.jpg,116,562,1791,833,pantograph
50138.jpg,111,624,1802,867,pantograph
60180.jpg,65,551,1807,844,pantograph
82477.jpg,90,604,1806,908,pantograph
82249.jpg,129,631,1812,858,pantograph
60119.jpg,84,594,1766,837,pantograph
70346.jpg,107,576,1779,847,pantograph
82255.jpg,99,607,1795,862,pantograph
60039.jpg,99,574,1846,857,pantograph
82490.jpg,77,586,1828,875,pantograph
50130.jpg,117,603,1791,851,pantograph
70386.jpg,121,586,1780,871,pantograph
82448.jpg,98,599,1812,893,pantograph
72604.jpg,117,605,1773,851,pantograph
50244.jpg,67,615,1794,865,pantograph
82208.jpg,121,593,1835,891,pantograph
82375.jpg,114,548,1815,870,pantograph
70223.jpg,121,621,1803,863,pantograph
70271.jpg,115,649,466,855,pantograph
50198.jpg,110,614,1816,873,pantograph
60196.jpg,113,601,1790,845,pantograph
70297.jpg,125,600,1771,847,pantograph
82141.jpg,106,578,1775,875,pantograph
82391.jpg,116,622,1831,917,pantograph
60098.jpg,102,608,1792,855,pantograph
82347.jpg,133,616,1786,895,pantograph
60200.jpg,128,596,1780,840,pantograph
70379.jpg,115,587,1816,867,pantograph
82191.jpg,122,586,1842,873,pantograph
82423.jpg,124,596,1757,893,pantograph
82487.jpg,123,563,1784,860,pantograph
60038.jpg,124,578,1777,859,pantograph
70316.jpg,118,582,1766,848,pantograph
70249.jpg,127,629,1781,829,pantograph
70277.jpg,107,604,1784,874,pantograph
50035.jpg,135,643,1806,877,pantograph
70255.jpg,124,627,1783,844,pantograph
82493.jpg,112,595,1762,847,pantograph
70243.jpg,123,615,1768,851,pantograph
70216.jpg,86,596,1794,885,pantograph
82458.jpg,92,553,1803,854,pantograph
70263.jpg,129,578,1775,862,pantograph
82514.jpg,117,606,1791,880,pantograph
60118.jpg,127,590,1754,856,pantograph
70226.jpg,118,629,1786,844,pantograph
82480.jpg,105,595,1784,862,pantograph
60165.jpg,98,588,1779,849,pantograph
50132.jpg,107,600,1788,860,pantograph
82224.jpg,125,596,1805,891,pantograph
82450.jpg,120,615,1775,873,pantograph
82421.jpg,108,622,1800,856,pantograph
60134.jpg,114,582,1753,845,pantograph
82085.jpg,109,576,1787,870,pantograph
70240.jpg,90,604,1835,874,pantograph
82301.jpg,106,604,1857,877,pantograph
70349.jpg,108,593,1781,837,pantograph
82473.jpg,127,604,1818,889,pantograph
82427.jpg,119,619,1764,854,pantograph
72598.jpg,104,599,1810,869,pantograph
82210.jpg,120,577,1806,891,pantograph
82396.jpg,98,610,1794,862,pantograph
82456.jpg,83,608,1822,864,pantograph
60163.jpg,115,586,1747,864,pantograph
70211.jpg,107,608,1787,863,pantograph
60024.jpg,118,599,1769,837,pantograph
50200.jpg,107,575,1806,874,pantograph
82169.jpg,113,629,1775,855,pantograph
50169.jpg,123,645,1798,867,pantograph
72606.jpg,124,578,1759,834,pantograph
50150.jpg,106,615,1824,885,pantograph
50218.jpg,102,612,1806,859,pantograph
89976.jpg,119,620,1777,872,pantograph
82082.jpg,98,597,1792,870,pantograph
72594.jpg,130,616,1770,856,pantograph
82495.jpg,94,594,1809,865,pantograph
89980.jpg,121,595,1788,886,pantograph
50118.jpg,65,606,1786,880,pantograph
82517.jpg,123,617,1792,865,pantograph
82323.jpg,123,606,1809,874,pantograph
60193.jpg,131,596,1759,826,pantograph
70309.jpg,114,621,1813,817,pantograph
50226.jpg,95,622,1828,874,pantograph
60019.jpg,129,589,1766,838,pantograph
82475.jpg,112,603,1814,915,pantograph
60006.jpg,102,541,1772,870,pantograph
50081.jpg,42,619,1865,871,pantograph
50056.jpg,134,611,1764,881,pantograph
70332.jpg,123,602,1770,855,pantograph
82532.jpg,109,619,1766,891,pantograph
60052.jpg,72,580,1833,846,pantograph
70287.jpg,128,564,1768,832,pantograph
70382.jpg,96,578,1795,847,pantograph
70389.jpg,99,562,1793,860,pantograph
82087.jpg,120,600,1774,875,pantograph
50119.jpg,120,607,1777,873,pantograph
60135.jpg,101,562,1791,855,pantograph
82132.jpg,108,604,1769,884,pantograph
60247.jpg,122,591,1766,849,pantograph
82156.jpg,109,625,1781,900,pantograph
82204.jpg,123,612,1784,860,pantograph
82529.jpg,81,612,1832,888,pantograph
50010.jpg,80,626,1799,875,pantograph
89988.jpg,120,632,1776,878,pantograph
72597.jpg,127,584,1762,899,pantograph
70381.jpg,96,578,1806,844,pantograph
89970.jpg,103,595,1818,887,pantograph
82203.jpg,81,605,1810,857,pantograph
60209.jpg,120,528,1767,858,pantograph
60148.jpg,101,610,1770,832,pantograph
89977.jpg,132,640,1757,854,pantograph
82083.jpg,120,565,1783,882,pantograph
82471.jpg,116,628,1798,893,pantograph
82151.jpg,125,637,1772,882,pantograph
82479.jpg,102,558,1784,886,pantograph
60072.jpg,69,604,1809,848,pantograph
70341.jpg,116,591,1844,865,pantograph
70281.jpg,114,593,1800,881,pantograph
82270.jpg,95,584,1859,856,pantograph
50113.jpg,120,600,1814,884,pantograph
89974.jpg,118,635,1777,870,pantograph
82154.jpg,112,629,1807,884,pantograph
50033.jpg,121,637,1777,884,pantograph
50121.jpg,124,584,1773,860,pantograph
82118.jpg,116,606,1811,893,pantograph
89987.jpg,97,623,1783,866,pantograph
82506.jpg,113,612,1761,874,pantograph
50178.jpg,95,586,1810,867,pantograph
60097.jpg,118,630,1769,849,pantograph
50067.jpg,117,623,1812,886,pantograph
82086.jpg,116,597,1804,874,pantograph
82146.jpg,130,606,1758,859,pantograph
82150.jpg,96,570,1792,865,pantograph
82354.jpg,113,614,1783,866,pantograph
82197.jpg,68,617,1838,837,pantograph
70286.jpg,96,599,1781,834,pantograph
60049.jpg,98,577,1775,856,pantograph
82531.jpg,123,628,1772,886,pantograph
89985.jpg,132,632,1783,860,pantograph
50005.jpg,141,608,1789,873,pantograph
72605.jpg,112,567,1757,829,pantograph
82291.jpg,119,568,1769,883,pantograph
82503.jpg,128,621,1806,878,pantograph
82317.jpg,123,607,1788,873,pantograph
82144.jpg,87,594,1801,862,pantograph
60162.jpg,121,589,1805,860,pantograph
60210.jpg,98,602,1777,856,pantograph
82211.jpg,127,596,1804,906,pantograph
82165.jpg,123,636,1777,878,pantograph
82439.jpg,106,601,1794,870,pantograph
82537.jpg,109,630,1795,862,pantograph
70373.jpg,116,588,1772,844,pantograph
70228.jpg,91,608,1832,848,pantograph
70350.jpg,120,582,1754,828,pantograph
82243.jpg,127,649,1779,896,pantograph
60244.jpg,115,592,1784,829,pantograph
70352.jpg,106,580,1799,814,pantograph
82256.jpg,66,577,1818,859,pantograph
82365.jpg,118,609,1805,863,pantograph
70355.jpg,72,588,1798,826,pantograph
70234.jpg,123,620,1772,855,pantograph
70317.jpg,95,601,1770,849,pantograph
60168.jpg,70,586,1790,852,pantograph
82137.jpg,99,581,1834,895,pantograph
82177.jpg,84,601,1758,867,pantograph
82369.jpg,119,565,1774,868,pantograph
60198.jpg,127,592,1776,828,pantograph
82234.jpg,113,633,1797,898,pantograph
82310.jpg,103,578,1752,900,pantograph
82295.jpg,107,611,1806,854,pantograph
82126.jpg,99,609,1770,858,pantograph
82483.jpg,113,589,1777,844,pantograph
82445.jpg,31,569,1796,866,pantograph
82482.jpg,124,575,1764,886,pantograph
60101.jpg,68,602,1831,834,pantograph
60131.jpg,123,584,1796,826,pantograph
50245.jpg,99,610,1796,873,pantograph
72615.jpg,101,621,1776,854,pantograph
70241.jpg,123,587,1810,870,pantograph
82360.jpg,109,555,1859,869,pantograph
82343.jpg,112,620,1758,887,pantograph
70342.jpg,124,536,1774,871,pantograph
82112.jpg,83,561,1795,875,pantograph
50234.jpg,96,607,1781,881,pantograph
50214.jpg,123,600,1791,875,pantograph
60087.jpg,114,595,1790,870,pantograph
82267.jpg,64,618,1882,869,pantograph
70252.jpg,124,616,1778,833,pantograph
60082.jpg,116,578,1754,870,pantograph
82172.jpg,123,614,1777,869,pantograph
82282.jpg,117,615,1788,874,pantograph
70392.jpg,116,597,1765,851,pantograph
89971.jpg,98,638,1798,873,pantograph
82176.jpg,97,610,1810,855,pantograph
82430.jpg,104,614,1838,876,pantograph
50052.jpg,90,586,1762,880,pantograph
60070.jpg,103,569,1799,852,pantograph
50116.jpg,102,617,1805,874,pantograph
60081.jpg,125,575,1788,874,pantograph
60066.jpg,132,586,1764,822,pantograph
82416.jpg,96,622,1774,883,pantograph
70307.jpg,118,580,1792,829,pantograph
82524.jpg,110,587,1831,884,pantograph
70279.jpg,117,586,1791,879,pantograph
50017.jpg,133,614,1786,888,pantograph
82403.jpg,103,630,1792,874,pantograph
70253.jpg,97,609,1775,844,pantograph
60034.jpg,96,584,1842,883,pantograph
70354.jpg,128,565,1821,860,pantograph
82279.jpg,76,571,1873,905,pantograph
60104.jpg,116,617,1762,841,pantograph
82278.jpg,106,582,1818,891,pantograph
70335.jpg,99,625,963,868,pantograph
82443.jpg,96,563,1776,875,pantograph
82432.jpg,69,622,1813,895,pantograph
82183.jpg,118,610,1761,871,pantograph
82337.jpg,103,590,1777,922,pantograph
60242.jpg,68,586,1787,829,pantograph
50101.jpg,120,615,1807,871,pantograph
82184.jpg,107,600,1765,889,pantograph
82182.jpg,90,621,1835,869,pantograph
50018.jpg,121,610,1799,865,pantograph
70351.jpg,104,553,1798,839,pantograph
50022.jpg,90,623,1840,874,pantograph
82319.jpg,119,598,1779,870,pantograph
82378.jpg,121,617,1766,853,pantograph
82313.jpg,107,617,1794,869,pantograph
82335.jpg,126,578,1855,885,pantograph
70258.jpg,118,592,1784,863,pantograph
60051.jpg,24,588,1794,840,pantograph
60178.jpg,96,607,1789,846,pantograph
70213.jpg,105,624,1787,851,pantograph
70250.jpg,123,595,1814,877,pantograph
70292.jpg,101,547,1781,848,pantograph
70254.jpg,108,608,1791,855,pantograph
70390.jpg,123,561,1779,869,pantograph
